The,O
flu,O
season,O
is,O
winding,O
down,O
",",O
and,O
it,O
has,O
killed,O
105,O
children,O
so,O
far,O
-,O
about,O
the,O
average,O
toll,O
.,O
The,O
season,O
started,O
about,O
a,O
month,O
earlier,O
than,O
usual,O
",",O
sparking,O
concerns,O
it,O
might,O
turn,O
into,O
the,O
worst,O
in,O
a,O
decade,O
.,O
It,O
ended,O
up,O
being,O
very,O
hard,O
on,O
the,O
elderly,O
",",O
but,O
was,O
moderately,O
severe,O
overall,O
",",O
according,O
to,O
the,O
Centers,O
for,O
Disease,O
Control,O
and,O
Prevention,O
.,O
Six,O
of,O
the,O
pediatric,O
deaths,O
were,O
reported,O
in,O
the,O
last,O
week,O
",",O
and,O
it,O
',O
s,O
possible,O
there,O
will,O
be,O
more,O
",",O
said,O
the,O
CDC,O
',O
s,O
Dr,O
.,O
Michael,O
Jhung,O
said,O
Friday,O
.,O
Roughly,O
100,O
children,O
die,O
in,O
an,O
average,O
flu,O
season,O
.,O
One,O
exception,O
was,O
the,O
swine,O
flu,O
pandemic,O
of,O
2009,O
-,O
2010,O
",",O
when,O
348,O
children,O
died,O
.,O
The,O
CDC,O
recommends,O
that,O
all,O
children,O
ages,O
6,O
months,O
and,O
older,O
be,O
vaccinated,O
against,O
flu,O
each,O
season,O
",",O
though,O
only,O
about,O
half,O
get,O
a,O
flu,O
shot,O
or,O
nasal,O
spray,O
.,O
All,O
but,O
four,O
of,O
the,O
children,O
who,O
died,O
were,O
old,O
enough,O
to,O
be,O
vaccinated,O
",",O
but,O
90,O
percent,O
of,O
them,O
did,O
not,O
get,O
vaccinated,O
",",O
CDC,O
officials,O
said,O
.,O
This,O
year,O
',O
s,O
vaccine,O
was,O
considered,O
effective,O
in,O
children,O
",",O
though,O
it,O
didn,O
',O
t,O
work,O
very,O
well,O
in,O
older,O
people,O
.,O
And,O
the,O
dominant,O
flu,O
strain,O
early,O
in,O
the,O
season,O
was,O
one,O
that,O
tends,O
to,O
cause,O
more,O
severe,O
illness,O
.,O
The,O
government,O
only,O
does,O
a,O
national,O
flu,O
death,O
count,O
for,O
children,O
.,O
But,O
it,O
does,O
track,O
hospitalization,O
rates,O
for,O
people,O
65,O
and,O
older,O
",",O
and,O
those,O
statistics,O
have,O
been,O
grim,O
.,O
In,O
that,O
group,O
",",O
177,O
out,O
of,O
every,B-SET
100,O
",",O
000,O
were,O
hospitalized,O
with,O
flu,O
-,O
related,O
illness,O
in,O
the,O
past,O
several,O
months,O
.,O
That,O
',O
s,O
more,O
than,O
2,O
1,O
/,O
2,O
times,O
higher,O
than,O
any,O
other,O
recent,O
season,O
.,O
This,O
flu,O
season,O
started,O
in,O
early,O
December,O
",",O
a,O
month,O
earlier,O
than,O
usual,O
",",O
and,O
peaked,O
by,O
the,O
end,O
of,O
year,O
.,O
Since,O
then,O
",",O
flu,O
reports,O
have,O
been,O
dropping,O
off,O
throughout,O
the,O
country,O
.,O
"""",O
We,O
appear,O
to,O
be,O
getting,O
close,O
to,O
the,O
end,O
of,O
flu,O
season,O
",""",O
Jhung,O
said,O
.,O
Barack,O
Obama,O
would,O
make,O
a,O
great,O
stand,O
-,O
up,O
comic,O
",",O
not,O
because,O
he,O
',O
s,O
the,O
funniest,O
president,O
ever,B-SET
but,O
because,O
he,O
uses,O
jokes,O
the,O
same,O
way,O
many,O
of,O
us,O
comedians,O
do,O
:,O
as,O
a,O
weapon,O
.,O
Traditionally,O
",",O
the,O
(,O
intentionally,O
),O
funny,O
lines,O
by,O
our,O
presidents,O
have,O
had,O
one,O
thing,O
in,O
common,O
:,O
They,O
were,O
self,O
-,O
deprecating,O
.,O
Sure,O
",",O
some,O
presidents,O
have,O
used,O
jokes,O
to,O
take,O
jabs,O
at,O
their,O
opponents,O
",",O
but,O
not,O
to,O
the,O
extent,O
of,O
Obama,O
.,O
During,O
his,O
tenure,O
",",O
he,O
has,O
increasingly,O
unleashed,O
biting,O
comedic,O
barbs,O
against,O
his,O
critics,O
and,O
political,O
adversaries,O
.,O
These,O
jokes,O
are,O
intended,O
to,O
do,O
more,O
than,O
simply,O
entertain,O
you,O
.,O
They,O
have,O
an,O
agenda,O
.,O
Obama,O
',O
s,O
humor,O
is,O
often,O
delivered,O
the,O
way,O
a,O
comedian,O
dealing,O
with,O
a,O
heckler,O
would,O
do,O
it,O
.,O
He,O
tries,O
to,O
undermine,O
his,O
opponents,O
with,O
it,O
and,O
get,O
the,O
crowd,O
--,O
in,O
this,O
case,O
the,O
public,O
--,O
on,O
his,O
side,O
.,O
I,O
can,O
assure,O
you,O
that,O
having,O
a,O
crowd,O
laugh,O
at,O
your,O
critic,O
/,O
heckler,O
is,O
not,O
only,O
effective,O
in,O
dominating,O
them,O
",",O
it,O
',O
s,O
also,O
very,O
satisfying,O
.,O
A,O
New,O
York,O
man,O
who,O
was,O
accused,O
of,O
faking,O
his,O
death,O
last,O
summer,O
pleaded,O
guilty,O
to,O
a,O
conspiracy,O
charge,O
Thursday,O
",",O
Nassau,O
County,O
District,O
Attorney,O
Kathleen,O
Rice,O
announced,O
.,O
Raymond,O
Roth,O
",",O
48,O
",",O
of,O
Massapequa,O
",",O
New,O
York,O
",",O
was,O
first,O
reported,O
missing,O
in,O
the,O
waters,O
off,O
Jones,O
Beach,O
late,O
last,O
July,O
by,O
his,O
22,O
-,O
year,O
-,O
old,O
son,O
",",O
Jonathan,O
Roth,O
.,O
Several,O
days,O
into,O
an,O
extensive,O
search,O
involving,O
multiple,O
agencies,O
",",O
New,O
York,O
State,O
Park,O
Police,O
said,O
",",O
authorities,O
learned,O
the,O
missing,O
man,O
was,O
in,O
South,O
Carolina,O
",",O
where,O
he,O
had,O
been,O
pulled,O
over,O
for,O
speeding,O
.,O
The,O
day,O
before,O
Raymond,O
Roth,O
was,O
pulled,O
over,O
",",O
his,O
wife,O
",",O
Evana,O
",",O
showed,O
authorities,O
e,B-SET
-,O
mails,O
she,O
had,O
discovered,O
that,O
appeared,O
to,O
detail,O
a,O
plan,O
between,O
him,O
and,O
his,O
son,O
to,O
fake,O
his,O
death,O
.,O
Raymond,O
Roth,O
wanted,O
his,O
wife,O
and,O
son,O
to,O
collect,O
at,O
least,O
$,O
410,O
",",O
000,O
in,O
life,O
insurance,O
benefits,O
while,O
he,O
started,O
a,O
new,O
life,O
in,O
Florida,O
",",O
Rice,O
said,O
.,O
State,O
police,O
arrested,O
both,O
men,O
in,O
early,O
August,O
on,O
charges,O
of,O
insurance,O
fraud,O
",",O
conspiracy,O
and,O
filing,O
a,O
false,O
report,O
.,O
Raymond,O
Roth,O
on,O
Thursday,O
agreed,O
to,O
plead,O
guilty,O
to,O
the,O
conspiracy,O
charge,O
in,O
exchange,O
for,O
a,O
sentence,O
of,O
90,O
days,O
in,O
jail,O
and,O
five,O
years,O
',O
probation,O
",",O
the,O
district,O
attorney,O
',O
s,O
office,O
said,O
.,O
He,O
also,O
must,O
pay,O
restitution,O
for,O
the,O
cost,O
of,O
the,O
search,O
--,O
$,O
27,O
",",O
445,O
to,O
the,O
U,O
.,O
S,O
.,O
Coast,O
Guard,O
and,O
$,O
9,O
",",O
109,O
to,O
the,O
Nassau,O
County,O
Police,O
Department,O
.,O
Evana,O
Roth,O
told,O
CNN,O
in,O
August,O
she,O
thought,O
her,O
husband,O
devised,O
the,O
plan,O
after,O
he,O
was,O
fired,O
from,O
his,O
job,O
in,O
July,O
.,O
Her,O
attorney,O
",",O
Lenard,O
Leeds,O
",",O
said,O
she,O
had,O
been,O
unaware,O
of,O
the,O
ruse,O
before,O
she,O
uncovered,O
the,O
e,B-SET
-,O
mail,O
correspondence,O
.,O
"""",O
There,O
needs,O
to,O
be,O
a,O
way,O
for,O
me,O
to,O
find,O
out,O
how,O
things,O
are,O
going,O
.,O
Call,O
me,O
Sunday,O
night,O
at,O
8,O
PM,O
at,O
the,O
resort,O
",""",O
Raymond,O
Roth,O
wrote,O
in,O
an,O
e,B-SET
-,O
mail,O
to,O
his,O
son,O
the,O
day,O
before,O
the,O
son,O
reported,O
him,O
missing,O
.,O
The,O
son,O
',O
s,O
case,O
is,O
still,O
pending,O
",",O
the,O
district,O
attorney,O
said,O
.,O
Jonathan,O
Roth,O
',O
s,O
attorney,O
",",O
Joey,O
Jackson,O
",",O
defended,O
his,O
client,O
after,O
his,O
arrest,O
",",O
saying,O
",",O
"""",O
There,O
was,O
abuse,O
here,O
",",O
manipulation,O
here,O
",",O
coercion,O
here,O
"""",O
from,O
the,O
father,O
.,O
Raymond,O
Roth,O
',O
s,O
attorney,O
",",O
Brian,O
Davis,O
",",O
denied,O
in,O
August,O
that,O
Roth,O
had,O
involved,O
his,O
son,O
in,O
the,O
scheme,O
.,O
"""",O
We,O
had,O
issues,O
concerning,O
the,O
facts,O
people,O
had,O
whether,O
(,O
Roth,O
),O
had,O
an,O
agreement,O
with,O
his,O
son,O
",""",O
Davis,O
told,O
CNN,O
on,O
Thursday,O
.,O
"""",O
He,O
',O
s,O
admitted,O
it,O
now,O
.,O
He,O
',O
s,O
accepted,O
responsibility,O
".""",O
Davis,O
added,O
that,O
his,O
client,O
has,O
been,O
under,O
treatment,O
for,O
bipolar,O
disorder,O
in,O
recent,O
weeks,O
.,O
During,O
plea,O
negotiations,O
",",O
Raymond,O
Roth,O
asked,O
the,O
district,O
attorney,O
',O
s,O
office,O
not,O
to,O
give,O
his,O
son,O
jail,O
time,O
",",O
Davis,O
said,O
.,O
On,O
the,O
advice,O
of,O
both,O
their,O
attorneys,O
",",O
father,O
and,O
son,O
have,O
not,O
been,O
in,O
contact,O
since,O
their,O
arrests,O
",",O
Davis,O
said,O
.,O
"""",O
He,O
would,O
like,O
to,O
straighten,O
things,O
out,O
with,O
(,O
Jonathan,O
),O
when,O
the,O
time,O
comes,O
",""",O
he,O
said,O
.,O
Before,O
the,O
arrival,O
of,O
Keep,O
",",O
which,O
Google,O
launched,O
this,O
week,O
",",O
there,O
was,O
no,O
default,O
note,O
-,O
taking,O
app,O
for,O
Android,O
.,O
It,O
was,O
a,O
glaring,O
hole,O
",",O
considering,O
that,O
Apple,O
',O
s,O
iPhone,O
has,O
built,O
-,O
in,O
Notes,O
and,O
Reminders,O
apps,O
that,O
can,O
be,O
powered,O
by,O
Siri,O
.,O
Instead,O
of,O
settling,O
for,O
a,O
bare,O
bones,O
app,O
to,O
fill,O
the,O
void,O
",",O
the,O
search,O
giant,O
took,O
things,O
one,O
step,O
further,O
.,O
Keep,O
isn,O
',O
t,O
simply,O
just,O
a,O
place,O
to,O
bank,O
whatever,O
random,O
half,O
-,O
thoughts,O
come,O
to,O
mind,O
:,O
Users,O
can,O
construct,O
to,O
-,O
do,O
lists,O
",",O
stash,O
photos,O
",",O
and,O
color,O
code,O
your,O
notes,O
--,O
all,O
in,O
one,O
well,O
-,O
designed,O
and,O
easy,O
-,O
to,O
-,O
use,O
interface,O
.,O
The,O
second,O
you,O
log,O
anything,O
into,O
your,O
phone,O
",",O
it,O
is,O
also,O
accessible,O
from,O
a,O
PC,O
Web,O
browser,O
via,O
Google,O
Drive,O
.,O
Alternatively,O
",",O
you,O
can,O
save,O
things,O
while,O
working,O
on,O
your,O
computer,O
",",O
and,O
it,O
will,O
instantly,O
appear,O
on,O
your,O
phone,O
",",O
ready,O
for,O
use,O
while,O
on,O
the,O
go,O
.,O
The,O
design,O
may,O
not,O
be,O
as,O
progressive,O
as,O
the,O
to,O
-,O
do,O
app,O
Clear,O
",",O
but,O
Keep,O
makes,O
up,O
for,O
that,O
in,O
its,O
simplicity,O
and,O
efficiency,O
.,O
Everything,O
in,O
Keep,O
is,O
presented,O
like,O
a,O
Microsoft,O
(,O
MSFT,O
",",O
Fortune,O
500,O
),O
Windows,O
Phone,O
-,O
esque,O
stream,O
of,O
tiles,O
.,O
Swiping,O
left,O
or,O
right,O
will,O
archive,O
those,O
notes,O
you,O
no,O
longer,O
need,O
(,O
but,O
don,O
',O
t,O
want,O
to,O
erase,O
entirely,O
).,O
At,O
the,O
top,O
of,O
the,O
app,O
is,O
a,O
text,O
entry,O
field,O
that,O
serves,O
as,O
your,O
main,O
point,O
of,O
entry,O
for,O
all,O
new,O
notes,O
.,O
And,O
when,O
viewing,O
any,O
specific,O
note,O
",",O
tapping,O
any,O
part,O
of,O
that,O
note,O
(,O
title,O
",",O
body,O
",",O
etc,O
.),O
will,O
allow,O
you,O
to,O
edit,O
it,O
.,O
The,O
entire,O
experience,O
is,O
frictionless,O
.,O
That,O
said,O
",",O
it,O
',O
s,O
not,O
going,O
to,O
conquer,O
the,O
world,O
quite,O
yet,O
.,O
Organization,O
options,O
are,O
limited,O
--,O
color,O
coding,O
is,O
your,O
only,O
choice,O
",",O
and,O
you,O
can,O
',O
t,O
re,O
-,O
order,O
your,O
notes,O
.,O
Sharing,O
with,O
others,O
is,O
mostly,O
limited,O
to,O
email,O
and,O
Google,O
"+,",O
and,O
the,O
desktop,O
features,O
are,O
pretty,O
bare,O
bones,O
.,O
But,O
that,O
',O
s,O
more,O
a,O
function,O
of,O
it,O
being,O
new,O
",",O
rather,O
than,O
poorly,O
thought,O
out,O
.,O
Like,O
most,O
things,O
Google,O
",",O
expect,O
the,O
company,O
to,O
flesh,O
out,O
Keep,O
over,O
time,O
and,O
really,O
turn,O
it,O
into,O
our,O
personal,O
internet,O
junk,O
drawer,O
.,O
It,O
',O
s,O
easy,O
to,O
foresee,O
the,O
day,O
the,O
when,O
users,O
will,O
be,O
able,O
to,O
send,O
anything,O
from,O
their,O
Web,O
browser,O
or,O
Maps,O
directly,O
to,O
Keep,O
.,O
The,O
prospect,O
of,O
Keep,O
incorporating,O
features,O
of,O
services,O
such,O
as,O
Pinterest,O
or,O
Pocket,O
",",O
or,O
even,O
making,O
it,O
easy,O
to,O
catalog,O
streaming,O
media,O
",",O
could,O
turn,O
it,O
into,O
something,O
big,O
.,O
That,O
should,O
scare,O
Evernote,O
.,O
Keep,O
is,O
not,O
the,O
reinvention,O
of,O
the,O
wheel,O
in,O
any,O
aspect,O
--,O
there,O
are,O
a,O
plethora,O
of,O
third,O
-,O
party,O
apps,O
already,O
available,O
for,O
Android,O
.,O
But,O
it,O
is,O
a,O
well,O
-,O
exectuted,O
refinement,O
.,O
In,O
filling,O
a,O
minor,O
",",O
but,O
important,O
gap,O
in,O
its,O
mobile,O
ecosystem,O
",",O
Google,O
gives,O
the,O
competition,O
one,O
less,O
claim,O
of,O
superiority,O
over,O
Android,O
.,O
The,O
FAA,O
on,O
Friday,O
announced,O
it,O
will,O
close,O
149,O
regional,O
airport,O
control,O
towers,O
because,O
of,O
forced,O
spending,O
cuts,O
--,O
sparing,O
40,O
others,O
that,O
the,O
FAA,O
had,O
been,O
expected,O
to,O
shutter,O
.,O
A,O
four,O
-,O
week,O
",",O
phased,O
closure,O
of,O
the,O
149,O
control,O
towers,O
will,O
begin,O
on,O
April,O
7,O
",",O
the,O
FAA,O
said,O
.,O
The,O
FAA,O
had,O
been,O
expected,O
to,O
announce,O
the,O
closure,O
of,O
189,O
low,O
-,O
or,O
moderate,O
-,O
volume,O
towers,O
staffed,O
by,O
contractors,O
.,O
Before,O
Friday,O
',O
s,O
announcement,O
",",O
it,O
said,O
it,O
would,O
consider,O
keeping,O
a,O
tower,O
open,O
if,O
the,O
airport,O
convinces,O
the,O
agency,O
it,O
is,O
in,O
the,O
"""",O
national,O
interest,O
"""",O
to,O
do,O
so,O
.,O
By,O
congressional,O
mandate,O
",",O
the,O
FAA,O
must,O
cut,O
nearly,O
$,O
600,O
million,O
from,O
its,O
nearly,O
$,O
48,O
billion,O
budget,O
this,O
fiscal,O
year,O
.,O
Because,O
the,O
majority,O
of,O
its,O
47,O
",",O
000,O
employees,O
are,O
air,O
traffic,O
controllers,O
",",O
it,O
is,O
impossible,O
to,O
cut,O
its,O
budget,O
without,O
affecting,O
controllers,O
",",O
the,O
agency,O
says,O
.,O
President,O
Barack,O
Obama,O
arrived,O
in,O
refugee,O
-,O
flooded,O
Jordan,O
on,O
Friday,O
after,O
scoring,O
a,O
diplomatic,O
coup,O
just,O
before,O
leaving,O
Israel,O
when,O
Prime,O
Minister,O
Benjamin,O
Netanyahu,O
apologized,O
to,O
Turkey,O
for,O
a,O
2010,O
commando,O
raid,O
that,O
killed,O
nine,O
activists,O
on,O
a,O
Turkish,O
vessel,O
in,O
a,O
Gaza,O
-,O
bound,O
flotilla,O
.,O
The,O
apology,O
",",O
long,O
sought,O
by,O
Turkish,O
Prime,O
Minister,O
Recep,O
Erdogan,O
",",O
eased,O
strained,O
feelings,O
between,O
Turkey,O
and,O
Israel,O
",",O
two,O
vital,O
U,O
.,O
S,O
.,O
allies,O
in,O
the,O
Middle,O
East,O
.,O
It,O
happened,O
in,O
a,O
phone,O
call,O
to,O
Erdogan,O
during,O
a,O
final,O
meeting,O
between,O
Obama,O
and,O
Netanyahu,O
at,O
Ben,O
Gurion,O
International,O
Airport,O
in,O
Tel,O
Aviv,O
minutes,O
before,O
Air,O
Force,O
One,O
departed,O
for,O
Jordan,O
to,O
complete,O
the,O
president,O
',O
s,O
Middle,O
East,O
swing,O
.,O
It,O
is,O
the,O
first,O
foreign,O
trip,O
of,O
his,O
second,O
term,O
.,O
A,O
statement,O
from,O
Netanyahu,O
',O
s,O
office,O
said,O
the,O
apology,O
included,O
an,O
offer,O
of,O
compensation,O
.,O
However,O
",",O
there,O
was,O
confusion,O
later,O
when,O
the,O
Israeli,O
government,O
dropped,O
a,O
reference,O
in,O
its,O
original,O
statement,O
to,O
normalized,O
relations,O
between,O
the,O
countries,O
with,O
a,O
return,O
of,O
ambassadors,O
.,O
There,O
also,O
was,O
no,O
word,O
on,O
whether,O
the,O
once,O
-,O
close,O
nations,O
would,O
resume,O
the,O
joint,O
military,O
exercises,O
that,O
were,O
suspended,O
after,O
the,O
flotilla,O
raid,O
.,O
Turkey,O
had,O
been,O
prosecuting,O
four,O
Israeli,O
soldiers,O
in,O
absentia,O
and,O
Israel,O
initially,O
said,O
the,O
two,O
leaders,O
agreed,O
to,O
the,O
cancellation,O
of,O
legal,O
steps,O
against,O
the,O
troops,O
.,O
Later,O
",",O
however,O
",",O
its,O
amended,O
statement,O
omitted,O
that,O
action,O
as,O
well,O
.,O
Microsoft,O
Corp,O
.,O
broke,O
sales,O
records,O
in,O
2010,O
when,O
it,O
released,O
its,O
Kinect,O
-,O
a,O
movement,O
-,O
tracking,O
device,O
that,O
enabled,O
Xbox,O
users,O
to,O
play,O
their,O
favorite,O
games,O
through,O
gestures,O
alone,O
",",O
without,O
need,O
of,O
a,O
controller,O
.,O
Now,O
",",O
with,O
the,O
help,O
of,O
outside,O
developers,O
",",O
the,O
software,O
giant,O
is,O
hoping,O
to,O
move,O
the,O
Kinect,O
beyond,O
gaming,O
.,O
Microsoft,O
is,O
expanding,O
into,O
China,O
with,O
a,O
company,O
-,O
funded,O
incubator,O
program,O
for,O
outside,O
developers,O
to,O
build,O
products,O
based,O
on,O
Kinect,O
technology,O
for,O
a,O
range,O
of,O
industries,O
including,O
health,O
care,O
and,O
retail,O
.,O
In,O
the,O
U,O
.,O
S,O
".,",O
11,O
companies,O
were,O
selected,O
last,O
year,O
for,O
the,O
accelerator,O
',O
s,O
first,O
three,O
-,O
month,O
class,O
in,O
Seattle,O
",",O
out,O
of,O
nearly,O
500,O
applicants,O
.,O
Microsoft,O
said,O
it,O
has,O
identified,O
three,O
companies,O
for,O
the,O
China,O
program,O
to,O
run,O
through,O
June,O
.,O
The,O
company,O
gives,O
each,O
participating,O
startup,O
in,O
the,O
Seattle,O
program,O
$,O
20,O
",",O
000,O
to,O
create,O
software,O
that,O
can,O
be,O
used,O
with,O
Kinect,O
for,O
Windows,O
",",O
but,O
it,O
is,O
isn,O
',O
t,O
asking,O
for,O
any,O
ownership,O
stakes,O
or,O
intellectual,O
property,O
rights,O
.,O
Microsoft,O
also,O
doesn,O
',O
t,O
have,O
any,O
veto,O
power,O
over,O
the,O
ideas,O
.,O
What,O
Microsoft,O
gets,O
are,O
developers,O
around,O
the,O
world,O
working,O
on,O
ideas,O
that,O
could,O
potentially,O
open,O
up,O
Kinect,O
for,O
Windows,O
',O
technology,O
to,O
new,O
markets,O
-,O
and,O
convince,O
consumers,O
and,O
businesses,O
to,O
buy,O
the,O
company,O
',O
s,O
hardware,O
and,O
make,O
use,O
of,O
the,O
potential,O
apps,O
.,O
The,O
Windows,O
-,O
ready,O
Kinect,O
sensor,O
",",O
which,O
would,O
be,O
necessary,O
for,O
any,O
business,O
that,O
wants,O
to,O
use,O
these,O
potential,O
new,O
technologies,O
",",O
is,O
currently,O
selling,O
for,O
$,O
250,O
through,O
Microsoft,O
",",O
more,O
than,O
twice,O
what,O
Microsoft,O
charges,O
for,O
the,O
gaming,O
-,O
only,O
Xbox,O
version,O
.,O
In,O
competitions,O
against,O
the,O
clock,O
",",O
some,O
athletes,O
display,O
an,O
ability,O
to,O
seize,O
control,O
.,O
Think,O
of,O
the,O
Clark,O
-,O
Kent,O
-,O
to,O
-,O
Superman,O
routines,O
that,O
John,O
Elway,O
and,O
Michael,O
Jordan,O
often,O
pulled,O
in,O
the,O
final,O
seconds,O
.,O
But,O
Iram,O
Leon,O
stands,O
on,O
the,O
sidelines,O
of,O
his,O
own,O
race,O
against,O
time,O
.,O
Lodged,O
in,O
his,O
brain,O
is,O
an,O
untreatable,O
and,O
inoperable,O
cancerous,O
tumor,O
that,O
statistics,O
suggest,O
will,O
kill,O
him,O
before,O
he,O
is,O
40,O
",",O
eight,O
years,O
from,O
now,O
.,O
Medical,O
science,O
is,O
advancing,O
at,O
a,O
rate,O
that,O
doesn,O
',O
t,O
preclude,O
the,O
development,O
of,O
a,O
treatment,O
",",O
but,O
it,O
',O
s,O
not,O
clear,O
if,O
it,O
will,O
come,O
in,O
time,O
.,O
"""",O
No,O
one,O
knows,O
what,O
technology,O
will,O
be,O
available,O
in,O
five,O
years,O
",""",O
said,O
Allan,O
Friedman,O
",",O
Duke,O
University,O
Hospital,O
neurosurgeon,O
in,O
chief,O
",",O
who,O
in,O
2011,O
removed,O
as,O
much,O
of,O
Leon,O
',O
s,O
brain,O
tumor,O
as,O
possible,O
.,O
The,O
torment,O
of,O
enduring,O
that,O
wait,O
can,O
paste,O
a,O
cancer,O
patient,O
to,O
the,O
couch,O
",",O
a,O
surrender,O
heavily,O
associated,O
with,O
deadlier,O
outcomes,O
.,O
Some,O
seek,O
escape,O
in,O
their,O
careers,O
",",O
but,O
that,O
is,O
no,O
longer,O
an,O
option,O
for,O
Leon,O
",",O
who,O
early,O
this,O
year,O
was,O
forced,O
to,O
step,O
down,O
as,O
a,O
juvenile,O
probation,O
officer,O
in,O
Travis,O
County,O
",",O
Texas,O
",",O
a,O
position,O
he,O
had,O
held,O
for,O
almost,O
seven,O
years,O
.,O
His,O
thinking,O
is,O
no,O
longer,O
clear,O
",",O
said,O
Leon,O
",",O
adding,O
",",O
"""",O
I,O
was,O
making,O
too,O
many,O
mistakes,O
on,O
the,O
stand,O
".""",O
But,O
Leon,O
can,O
still,O
run,O
.,O
Two,O
years,O
after,O
his,O
brain,O
-,O
cancer,O
diagnosis,O
",",O
he,O
recently,O
ran,O
a,O
sub,O
-,O
five,O
-,O
minute,O
mile,O
for,O
the,O
first,O
time,O
since,O
high,O
school,O
.,O
What,O
has,O
startled,O
the,O
medical,O
community,O
even,O
more,O
is,O
what,O
Leon,O
did,O
this,O
month,O
in,O
Beaumont,O
",",O
Texas,O
.,O
He,O
won,O
the,O
Gusher,O
Marathon,O
",",O
finishing,O
in,O
3,O
:,O
07,O
:,O
35,O
.,O
That,O
was,O
one,O
second,O
slower,O
than,O
his,O
personal,O
record,O
in,O
the,O
26,O
.,O
2,O
-,O
mile,O
event,O
",",O
set,O
days,O
before,O
he,O
underwent,O
brain,O
surgery,O
in,O
early,O
2011,O
.,O
Israeli,O
Prime,O
Minister,O
Benjamin,O
Netanyahu,O
apologized,O
on,O
Friday,O
to,O
Turkish,O
Prime,O
Minister,O
Recep,O
Tayyip,O
Erdogan,O
for,O
a,O
raid,O
on,O
a,O
Turkish,O
flotilla,O
ship,O
",",O
a,O
move,O
that,O
will,O
help,O
restore,O
strained,O
ties,O
between,O
the,O
countries,O
.,O
The,O
call,O
",",O
which,O
happened,O
as,O
President,O
Barack,O
Obama,O
wrapped,O
up,O
his,O
first,O
presidential,O
visit,O
to,O
Israel,O
",",O
was,O
an,O
unexpected,O
outcome,O
from,O
a,O
Mideast,O
trip,O
that,O
seemed,O
to,O
yield,O
few,O
concrete,O
steps,O
.,O
Mr,O
.,O
Netanyahu,O
',O
s,O
office,O
confirmed,O
that,O
the,O
Israeli,O
leader,O
",",O
in,O
a,O
conversation,O
with,O
Mr,O
.,O
Erdogan,O
",",O
"""",O
agreed,O
to,O
restore,O
normalization,O
between,O
Israel,O
and,O
Turkey,O
",",O
including,O
the,O
dispatch,O
of,O
ambassadors,O
and,O
the,O
cancellation,O
of,O
legal,O
steps,O
against,O
[,O
Israeli,O
Defense,O
Forces,O
],O
soldiers,O
".""",O
Mr,O
.,O
Erdogan,O
accepted,O
the,O
Israeli,O
apology,O
",",O
the,O
prime,O
minister,O
',O
s,O
office,O
said,O
.,O
Mr,O
.,O
Erdogan,O
has,O
long,O
sought,O
an,O
apology,O
for,O
the,O
raid,O
in,O
May,O
2010,O
on,O
the,O
Mavi,O
Marmara,O
",",O
which,O
was,O
part,O
of,O
a,O
flotilla,O
that,O
sought,O
to,O
break,O
Israel,O
',O
s,O
blockade,O
of,O
Gaza,O
.,O
An,O
Israeli,O
raid,O
on,O
the,O
ship,O
left,O
nine,O
passengers,O
dead,O
",",O
all,O
of,O
them,O
Turkish,O
or,O
of,O
Turkish,O
descent,O
.,O
"""",O
In,O
light,O
of,O
the,O
Israeli,O
investigation,O
into,O
the,O
incident,O
",",O
which,O
pointed,O
out,O
several,O
operational,O
errors,O
",",O
Prime,O
Minister,O
Netanyahu,O
apologized,O
to,O
the,O
Turkish,O
people,O
for,O
any,O
errors,O
that,O
could,O
have,O
led,O
to,O
loss,O
of,O
life,O
and,O
agreed,O
to,O
complete,O
the,O
agreement,O
on,O
compensation,O
",""",O
the,O
statement,O
said,O
.,O
Mr,O
.,O
Netanyahu,O
told,O
Mr,O
.,O
Erdogan,O
that,O
what,O
happened,O
on,O
board,O
the,O
Mavi,O
Marmara,O
was,O
"""",O
unintentional,O
and,O
Israel,O
expresses,O
regret,O
over,O
injuries,O
and,O
loss,O
of,O
life,O
",""",O
according,O
to,O
the,O
statement,O
.,O
Mr,O
.,O
Obama,O
said,O
later,O
at,O
a,O
news,O
conference,O
in,O
Amman,O
that,O
he,O
had,O
spoken,O
to,O
both,O
leaders,O
over,O
the,O
past,O
two,O
years,O
about,O
how,O
it,O
was,O
in,O
the,O
interests,O
of,O
both,O
countries,O
to,O
restore,O
normal,O
relations,O
.,O
He,O
said,O
he,O
discussed,O
the,O
issue,O
with,O
Mr,O
.,O
Netanyahu,O
during,O
his,O
visit,O
to,O
Israel,O
this,O
week,O
",",O
and,O
that,O
they,O
agreed,O
the,O
timing,O
was,O
good,O
for,O
a,O
discussion,O
with,O
the,O
Turkish,O
leader,O
.,O
The,O
incident,O
was,O
a,O
subject,O
of,O
talks,O
between,O
Mr,O
.,O
Netanyahu,O
and,O
President,O
Barack,O
Obama,O
during,O
the,O
president,O
',O
s,O
trip,O
to,O
Israel,O
this,O
week,O
",",O
officials,O
said,O
.,O
Health,O
insurers,O
are,O
privately,O
warning,O
brokers,O
that,O
premiums,O
for,O
many,O
individuals,O
and,O
small,O
businesses,O
could,O
increase,O
sharply,O
next,O
year,O
because,O
of,O
the,O
health,O
-,O
care,O
overhaul,O
law,O
",",O
with,O
the,O
nation,O
',O
s,O
biggest,O
firm,O
projecting,O
that,O
rates,O
could,O
more,O
than,O
double,O
for,O
some,O
consumers,O
buying,O
their,O
own,O
plans,O
.,O
The,O
projections,O
",",O
made,O
in,O
sessions,O
with,O
brokers,O
and,O
agents,O
",",O
provide,O
some,O
of,O
the,O
most,O
concrete,O
evidence,O
yet,O
of,O
how,O
much,O
insurance,O
companies,O
might,O
increase,O
prices,O
when,O
major,O
provisions,O
of,O
the,O
law,O
kick,O
in,O
next,O
year,O
-,O
a,O
subject,O
of,O
rigorous,O
debate,O
.,O
The,O
projected,O
increases,O
are,O
at,O
odds,O
with,O
what,O
the,O
Obama,O
Administration,O
says,O
consumers,O
should,O
be,O
expecting,O
overall,O
in,O
terms,O
of,O
cost,O
.,O
The,O
Department,O
of,O
Health,O
and,O
Human,O
Services,O
says,O
that,O
the,O
law,O
will,O
"""",O
make,O
health,O
-,O
care,O
coverage,O
more,O
affordable,O
and,O
accessible,O
",""",O
pointing,O
to,O
a,O
2009,O
analysis,O
by,O
the,O
Congressional,O
Budget,O
Office,O
that,O
says,O
average,O
individual,O
premiums,O
",",O
on,O
an,O
apples,O
-,O
to,O
-,O
apples,O
basis,O
",",O
would,O
be,O
lower,O
.,O
The,O
gulf,O
between,O
the,O
pricing,O
talk,O
from,O
some,O
insurers,O
and,O
the,O
government,O
projections,O
suggests,O
how,O
complicated,O
the,O
law,O
',O
s,O
effects,O
will,O
be,O
.,O
Carriers,O
will,O
be,O
filing,O
proposed,O
prices,O
with,O
regulators,O
over,O
the,O
next,O
few,O
months,O
.,O
Part,O
of,O
the,O
murkiness,O
stems,O
from,O
the,O
role,O
of,O
government,O
subsidies,O
.,O
Federal,O
subsidies,O
under,O
the,O
health,O
law,O
will,O
help,O
lower,O
-,O
income,O
consumers,O
defray,O
costs,O
",",O
but,O
they,O
are,O
generally,O
not,O
included,O
in,O
insurers,O
',O
premium,O
projections,O
.,O
Many,O
consumers,O
will,O
be,O
getting,O
more,O
generous,O
plans,O
because,O
of,O
new,O
requirements,O
in,O
the,O
law,O
.,O
The,O
effects,O
of,O
the,O
law,O
will,O
vary,O
widely,O
",",O
and,O
insurers,O
and,O
other,O
analysts,O
agree,O
that,O
some,O
consumers,O
and,O
small,O
businesses,O
will,O
likely,O
see,O
premiums,O
go,O
down,O
.,O
Starting,O
next,O
year,O
",",O
the,O
law,O
will,O
block,O
insurers,O
from,O
refusing,O
to,O
sell,O
coverage,O
or,O
setting,O
premiums,O
based,O
on,O
people,O
',O
s,O
health,O
histories,O
",",O
and,O
will,O
reduce,O
their,O
ability,O
to,O
set,O
rates,O
based,O
on,O
age,O
.,O
That,O
can,O
raise,O
coverage,O
prices,O
for,O
younger,O
",",O
healthier,O
consumers,O
",",O
while,O
reining,O
them,O
in,O
for,O
older,O
",",O
sicker,O
ones,O
.,O
The,O
rules,O
can,O
also,O
affect,O
small,O
businesses,O
",",O
which,O
sometimes,O
pay,O
premiums,O
tied,O
to,O
employees,O
',O
health,O
status,O
and,O
claims,O
history,O
.,O
The,O
last,O
surviving,O
member,O
of,O
the,O
team,O
which,O
first,O
conquered,O
Everest,O
in,O
1953,O
has,O
died,O
in,O
a,O
Derbyshire,O
nursing,O
home,O
.,O
George,O
Lowe,O
",",O
89,O
",",O
died,O
in,O
Ripley,O
on,O
Wednesday,O
after,O
a,O
long,O
-,O
term,O
illness,O
",",O
with,O
his,O
wife,O
Mary,O
by,O
his,O
side,O
.,O
New,O
Zealand,O
-,O
born,O
Mr,O
Lowe,O
was,O
part,O
of,O
the,O
team,O
that,O
helped,O
Sir,O
Edmund,O
Hillary,O
and,O
Tenzing,O
Norgay,O
to,O
the,O
summit,O
in,O
1953,O
.,O
Family,O
friend,O
and,O
historian,O
Dr,O
Huw,O
Lewis,O
-,O
Jones,O
paid,O
tribute,O
to,O
a,O
"""",O
gentle,O
soul,O
and,O
fine,O
climber,O
"""",O
who,O
shunned,O
the,O
limelight,O
.,O
Mr,O
Lowe,O
also,O
took,O
part,O
in,O
the,O
trans,O
-,O
Antarctic,O
expedition,O
of,O
1957,O
-,O
58,O
",",O
which,O
made,O
the,O
first,O
successful,O
overland,O
crossing,O
of,O
Antarctica,O
via,O
the,O
South,O
Pole,O
.,O
He,O
later,O
made,O
expeditions,O
to,O
Greenland,O
",",O
Greece,O
and,O
Ethiopia,O
.,O
Speaking,O
to,O
the,O
BBC,O
in,O
1995,O
",",O
Mr,O
Lowe,O
said,O
of,O
his,O
Antarctic,O
adventure,O
:,O
"""",O
We,O
estimated,O
we,O
could,O
do,O
it,O
in,O
100,O
days,O
",",O
and,O
we,O
got,O
across,O
on,O
the,O
99th,O
day,O
.,O
"""",O
There,O
was,O
a,O
great,O
feeling,O
of,O
euphoria,O
from,O
everyone,O
.,O
It,O
had,O
a,O
multiplying,O
effect,O
.,O
"""",O
We,O
were,O
pleased,O
that,O
England,O
and,O
New,O
Zealand,O
knew,O
about,O
it,O
",",O
and,O
we,O
thought,O
that,O
',O
s,O
where,O
it,O
would,O
stop,O
".""",O
He,O
also,O
talked,O
about,O
his,O
"""",O
second,O
job,O
"""",O
as,O
the,O
group,O
',O
s,O
cameraman,O
",",O
and,O
having,O
to,O
wear,O
four,O
pairs,O
of,O
gloves,O
to,O
work,O
the,O
clockwork,O
camera,O
.,O
"""",O
When,O
there,O
were,O
dramas,O
",",O
there,O
was,O
a,O
split,O
problem,O
.,O
Do,O
you,O
take,O
part,O
in,O
the,O
urgency,O
-,O
or,O
do,O
you,O
record,O
it,O
"?""",O
he,O
said,O
.,O
Dr,O
Lewis,O
-,O
Jones,O
",",O
the,O
former,O
curator,O
at,O
the,O
Scott,O
Polar,O
Research,O
Institute,O
at,O
the,O
University,O
of,O
Cambridge,O
",",O
who,O
first,O
met,O
Mr,O
Lowe,O
in,O
2005,O
",",O
called,O
him,O
a,O
"""",O
hero,O
""".",O
"""",O
I,O
don,O
',O
t,O
often,O
use,O
that,O
word,O
but,O
then,O
it,O
is,O
not,O
very,O
often,O
that,O
you,O
get,O
to,O
meet,O
one,O
",""",O
he,O
said,O
.,O
A,O
book,O
of,O
memoirs,O
and,O
photographs,O
from,O
the,O
climb,O
by,O
Mr,O
Lowe,O
",",O
which,O
he,O
worked,O
on,O
with,O
Dr,O
Lewis,O
-,O
Jones,O
",",O
is,O
due,O
to,O
be,O
published,O
in,O
May,O
.,O
He,O
said,O
:,O
"""",O
Lowe,O
was,O
a,O
brilliant,O
",",O
kind,O
fellow,O
who,O
never,O
sought,O
the,O
limelight,O
...,O
and,O
60,O
years,O
on,O
from,O
Everest,O
his,O
achievements,O
deserve,O
wider,O
recognition,O
.,O
"""",O
He,O
was,O
involved,O
in,O
two,O
of,O
the,O
most,O
important,O
explorations,O
of,O
the,O
20th,O
Century,O
...,O
yet,O
remained,O
a,O
humble,O
",",O
happy,O
man,O
right,O
to,O
the,O
end,O
...,O
an,O
inspirational,O
lesson,O
to,O
us,O
all,O
".""",O
Before,O
retiring,O
in,O
1984,O
",",O
Mr,O
Lowe,O
worked,O
as,O
an,O
Inspector,O
of,O
Schools,O
with,O
the,O
Department,O
of,O
Education,O
and,O
Sciences,O
",",O
and,O
he,O
leaves,O
three,O
sons,O
from,O
a,O
previous,O
marriage,O
.,O
The,O
last,O
British,O
climbing,O
member,O
of,O
the,O
1953,O
team,O
",",O
Mike,O
Westmacott,O
",",O
died,O
last,O
June,O
.,O
Israel,O
',O
s,O
prime,O
minister,O
has,O
apologised,O
to,O
Turkey,O
for,O
"""",O
any,O
errors,O
that,O
could,O
have,O
led,O
to,O
loss,O
of,O
life,O
"""",O
during,O
the,O
2010,O
commando,O
raid,O
on,O
an,O
aid,O
flotilla,O
that,O
tried,O
to,O
breach,O
the,O
Gaza,O
blockade,O
.,O
Benjamin,O
Netanyahu,O
also,O
agreed,O
with,O
his,O
Turkish,O
counterpart,O
Recep,O
Tayyip,O
Erdogan,O
to,O
compensate,O
the,O
families,O
of,O
the,O
nine,O
activists,O
who,O
were,O
killed,O
.,O
Mr,O
Netanyahu,O
had,O
previously,O
only,O
expressed,O
regret,O
for,O
the,O
deaths,O
.,O
The,O
deal,O
was,O
brokered,O
by,O
US,O
President,O
Barack,O
Obama,O
during,O
a,O
visit,O
to,O
Israel,O
.,O
Mr,O
Erdogan,O
',O
s,O
office,O
said,O
he,O
had,O
accepted,O
the,O
apology,O
",",O
"""",O
in,O
the,O
name,O
of,O
the,O
Turkish,O
people,O
""".",O
In,O
the,O
past,O
",",O
he,O
has,O
always,O
given,O
two,O
conditions,O
for,O
restoring,O
bilateral,O
relations,O
with,O
Israel,O
-,O
an,O
apology,O
and,O
compensation,O
for,O
victims,O
',O
families,O
.,O
Nine,O
people,O
were,O
killed,O
on,O
board,O
the,O
Turkish,O
aid,O
ship,O
",",O
Mavi,O
Marmara,O
",",O
when,O
it,O
was,O
boarded,O
by,O
Israeli,O
commandos,O
while,O
trying,O
to,O
transport,O
aid,O
supplies,O
to,O
Gaza,O
in,O
May,O
2010,O
in,O
spite,O
of,O
an,O
Israeli,O
naval,O
blockade,O
.,O
The,O
Israeli,O
government,O
admitted,O
mistakes,O
were,O
made,O
in,O
intelligence,O
-,O
gathering,O
and,O
planning,O
",",O
but,O
insisted,O
its,O
commandos,O
used,O
lethal,O
force,O
because,O
activists,O
had,O
attacked,O
them,O
.,O
The,O
activists,O
said,O
the,O
troops,O
had,O
opened,O
fire,O
as,O
soon,O
as,O
they,O
boarded,O
the,O
vessel,O
",",O
which,O
was,O
in,O
international,O
waters,O
at,O
the,O
time,O
.,O
The,O
incident,O
provoked,O
an,O
international,O
outcry,O
and,O
led,O
to,O
a,O
major,O
deterioration,O
in,O
relations,O
between,O
Turkey,O
and,O
Israel,O
.,O
Before,O
departing,O
for,O
Jordan,O
on,O
Friday,O
afternoon,O
",",O
Mr,O
Obama,O
revealed,O
that,O
Mr,O
Netanyahu,O
and,O
Mr,O
Erdogan,O
had,O
just,O
spoken,O
by,O
telephone,O
.,O
Heavy,O
snow,O
is,O
causing,O
disruption,O
to,O
transport,O
across,O
the,O
UK,O
",",O
with,O
heavy,O
rainfall,O
bringing,O
flooding,O
to,O
the,O
south,O
-,O
west,O
of,O
England,O
.,O
Rescuers,O
searching,O
for,O
a,O
woman,O
trapped,O
in,O
a,O
landslide,O
at,O
her,O
home,O
in,O
Looe,O
",",O
Cornwall,O
",",O
said,O
they,O
had,O
found,O
a,O
body,O
.,O
Over,O
200,O
",",O
000,O
Belfast,O
customers,O
were,O
affected,O
by,O
a,O
blackout,O
but,O
power,O
is,O
starting,O
to,O
be,O
restored,O
.,O
Northern,O
Ireland,O
',O
s,O
World,O
Cup,O
qualifier,O
with,O
Russia,O
has,O
been,O
postponed,O
until,O
15,O
:,O
00,O
GMT,O
Saturday,O
due,O
to,O
heavy,O
snow,O
.,O
There,O
are,O
12,O
flood,O
warnings,O
in,O
the,O
South,O
West,O
",",O
with,O
Met,O
Office,O
warnings,O
for,O
snow,O
covering,O
much,O
of,O
the,O
UK,O
.,O
This,O
comes,O
just,O
over,O
a,O
week,O
before,O
the,O
start,O
of,O
British,O
Summer,O
Time,O
.,O
BBC,O
forecasters,O
said,O
the,O
snow,O
would,O
cause,O
travel,O
disruption,O
across,O
northern,O
parts,O
of,O
the,O
UK,O
on,O
Friday,O
",",O
with,O
some,O
20cm,O
-,O
40cm,O
(,O
8in,O
-,O
16in,O
),O
falling,O
in,O
places,O
.,O
Atrocious,O
conditions,O
could,O
be,O
expected,O
on,O
high,O
ground,O
",",O
they,O
said,O
.,O
Roads,O
in,O
northern,O
parts,O
of,O
Wales,O
",",O
the,O
Midlands,O
into,O
the,O
Pennines,O
",",O
southern,O
Scotland,O
and,O
Northern,O
Ireland,O
would,O
be,O
the,O
worst,O
affected,O
",",O
while,O
gale,O
force,O
winds,O
would,O
blow,O
snow,O
and,O
drifts,O
across,O
trans,O
-,O
Pennine,O
routes,O
",",O
they,O
added,O
.,O
Oil,O
giant,O
BP,O
has,O
said,O
it,O
will,O
buy,O
back,O
$,O
8bn,O
of,O
shares,O
",",O
returning,O
to,O
shareholders,O
the,O
money,O
they,O
had,O
put,O
into,O
a,O
complicated,O
Russian,O
venture,O
.,O
It,O
said,O
it,O
"""",O
expected,O
to,O
return,O
to,O
BP,O
shareholders,O
an,O
amount,O
equivalent,O
to,O
the,O
value,O
of,O
the,O
company,O
',O
s,O
original,O
investment,O
in,O
TNK,O
-,O
BP,O
""".",O
BP,O
agreed,O
to,O
sell,O
back,O
its,O
50,O
%,O
stake,O
in,O
TNK,O
-,O
BP,O
to,O
Russia,O
',O
s,O
Rosneft,O
in,O
October,O
in,O
return,O
for,O
$,O
17,O
.,O
1bn,O
in,O
cash,O
and,O
shares,O
.,O
It,O
invested,O
in,O
TNK,O
-,O
BP,O
in,O
2003,O
.,O
BP,O
chairman,O
Carl,O
-,O
Henric,O
Svanberg,O
said,O
:,O
"""",O
We,O
expect,O
our,O
stake,O
in,O
Rosneft,O
will,O
generate,O
long,O
-,O
term,O
value,O
for,O
BP,O
and,O
its,O
shareholders,O
.,O
But,O
this,O
buyback,O
programme,O
should,O
also,O
allow,O
our,O
shareholders,O
to,O
see,O
benefits,O
in,O
the,O
near,O
-,O
term,O
from,O
the,O
value,O
we,O
have,O
realised,O
by,O
reshaping,O
our,O
Russian,O
business,O
".""",O
BP,O
expects,O
the,O
share,O
buyback,O
programme,O
could,O
take,O
between,O
12,O
and,O
18,O
months,O
to,O
complete,O
.,O
"""",O
In,O
2003,O
BP,O
invested,O
around,O
$,O
8bn,O
in,O
cash,O
",",O
shares,O
and,O
assets,O
in,O
the,O
formation,O
of,O
TNK,O
-,O
BP,O
",""",O
the,O
oil,O
giant,O
said,O
.,O
"""",O
Over,O
the,O
following,O
decade,O
BP,O
received,O
a,O
total,O
of,O
$,O
19bn,O
in,O
dividends,O
from,O
the,O
joint,O
venture,O
".""",O
Although,O
BP,O
',O
s,O
involvement,O
in,O
the,O
Russian,O
joint,O
venture,O
has,O
been,O
lucrative,O
",",O
relations,O
with,O
its,O
partners,O
have,O
often,O
been,O
fraught,O
with,O
disagreement,O
.,O
In,O
2011,O
",",O
the,O
AAR,O
consortium,O
attempted,O
to,O
block,O
a,O
drilling,O
joint,O
venture,O
in,O
the,O
Arctic,O
between,O
BP,O
and,O
Rosneft,O
through,O
the,O
courts,O
and,O
the,O
plan,O
was,O
eventually,O
dropped,O
.,O
As,O
well,O
as,O
internal,O
wrangles,O
",",O
BP,O
employees,O
at,O
TNK,O
-,O
BP,O
have,O
fallen,O
foul,O
of,O
Russian,O
authorities,O
.,O
While,O
serving,O
as,O
head,O
of,O
TNK,O
-,O
BP,O
",",O
Bob,O
Dudley,O
-,O
now,O
the,O
head,O
of,O
BP,O
as,O
a,O
whole,O
-,O
had,O
his,O
office,O
bugged,O
and,O
raided,O
by,O
the,O
police,O
and,O
met,O
with,O
onerous,O
back,O
-,O
tax,O
demands,O
",",O
legal,O
action,O
and,O
visa,O
problems,O
.,O
He,O
eventually,O
fled,O
the,O
country,O
in,O
2008,O
.,O
But,O
the,O
tie,O
-,O
up,O
with,O
Rosneft,O
will,O
keep,O
BP,O
in,O
Russia,O
",",O
allowing,O
it,O
to,O
continue,O
to,O
explore,O
and,O
exploit,O
the,O
country,O
',O
s,O
vast,O
energy,O
resources,O
",",O
including,O
in,O
the,O
Arctic,O
region,O
.,O
And,O
Rosneft,O
benefits,O
from,O
BP,O
',O
s,O
expertise,O
in,O
exploring,O
in,O
difficult,O
and,O
potentially,O
hazardous,O
conditions,O
.,O
Russian,O
police,O
and,O
tax,O
inspectors,O
have,O
raided,O
the,O
offices,O
of,O
the,O
human,O
rights,O
group,O
Memorial,O
and,O
other,O
civil,O
society,O
groups,O
which,O
get,O
foreign,O
funding,O
.,O
Memorial,O
is,O
famous,O
for,O
documenting,O
human,O
rights,O
abuses,O
in,O
Russia,O
.,O
The,O
US,O
embassy,O
in,O
Moscow,O
has,O
voiced,O
concern,O
and,O
asked,O
the,O
Russian,O
government,O
for,O
an,O
explanation,O
.,O
A,O
new,O
Russian,O
law,O
says,O
foreign,O
-,O
funded,O
non,O
-,O
governmental,O
groups,O
(,O
NGOs,O
),O
linked,O
to,O
politics,O
must,O
register,O
as,O
"""",O
foreign,O
agents,O
"""",O
-,O
a,O
term,O
which,O
suggests,O
spying,O
.,O
In,O
the,O
worst,O
repressions,O
of,O
the,O
Soviet,O
period,O
the,O
label,O
"""",O
foreign,O
agents,O
"""",O
was,O
used,O
to,O
denounce,O
dissidents,O
-,O
or,O
simply,O
political,O
rivals,O
of,O
Joseph,O
Stalin,O
-,O
and,O
could,O
lead,O
to,O
execution,O
.,O
Memorial,O
says,O
inspectors,O
returned,O
to,O
its,O
Moscow,O
offices,O
on,O
Friday,O
",",O
having,O
already,O
seized,O
600,O
documents,O
including,O
accounts,O
on,O
Thursday,O
.,O
A,O
statement,O
on,O
the,O
Memorial,O
website,O
said,O
the,O
inspections,O
were,O
directly,O
linked,O
to,O
the,O
new,O
law,O
on,O
NGOs,O
and,O
the,O
targeted,O
groups,O
',O
compliance,O
with,O
it,O
.,O
Memorial,O
director,O
Arseny,O
Roginsky,O
",",O
quoted,O
by,O
the,O
Russian,O
news,O
website,O
Vesti,O
",",O
said,O
it,O
was,O
"""",O
a,O
complete,O
check,O
on,O
everything,O
concerned,O
with,O
our,O
sources,O
of,O
funding,O
""".",O
He,O
insisted,O
that,O
the,O
NGO,O
law,O
"""",O
will,O
not,O
change,O
our,O
position,O
at,O
all,O
""".",O
"""",O
We,O
won,O
',O
t,O
refuse,O
foreign,O
donations,O
",",O
nor,O
will,O
we,O
register,O
as,O
a,O
',O
foreign,O
agent,O
"',""",O
he,O
said,O
.,O
China,O
',O
s,O
state,O
leadership,O
transition,O
has,O
taken,O
place,O
this,O
month,O
against,O
an,O
ominous,O
backdrop,O
.,O
More,O
than,O
16,O
",",O
000,O
dead,O
pigs,O
have,O
been,O
found,O
floating,O
in,O
rivers,O
that,O
provide,O
drinking,O
water,O
to,O
Shanghai,O
.,O
A,O
haze,O
akin,O
to,O
volcanic,O
fumes,O
cloaked,O
the,O
capital,O
",",O
causing,O
convulsive,O
coughing,O
and,O
obscuring,O
the,O
portrait,O
of,O
Mao,O
Zedong,O
on,O
the,O
gate,O
to,O
the,O
Forbidden,O
City,O
.,O
So,O
severe,O
are,O
China,O
',O
s,O
environmental,O
woes,O
",",O
especially,O
the,O
noxious,O
air,O
",",O
that,O
top,O
government,O
officials,O
have,O
been,O
forced,O
to,O
openly,O
acknowledge,O
them,O
.,O
Fu,O
Ying,O
",",O
the,O
spokeswoman,O
for,O
the,O
National,O
People,O
',O
s,O
Congress,O
",",O
said,O
she,O
checked,O
for,O
smog,O
every,B-SET
morning,O
after,O
opening,O
her,O
curtains,O
and,O
kept,O
at,O
home,O
face,O
masks,O
for,O
her,O
daughter,O
and,O
herself,O
.,O
Li,O
Keqiang,O
",",O
the,O
new,O
prime,O
minister,O
",",O
said,O
the,O
air,O
pollution,O
had,O
made,O
him,O
"""",O
quite,O
upset,O
"""",O
and,O
vowed,O
to,O
"""",O
show,O
even,O
greater,O
resolve,O
and,O
make,O
more,O
vigorous,O
efforts,O
"""",O
to,O
clean,O
it,O
up,O
.,O
Last,O
month,O
",",O
after,O
deadly,O
air,O
pollution,O
hit,O
record,O
levels,O
in,O
northern,O
China,O
",",O
officials,O
led,O
byWen,O
Jiabao,O
",",O
then,O
the,O
prime,O
minister,O
",",O
put,O
forward,O
strict,O
new,O
fuel,O
standards,O
that,O
the,O
oil,O
companies,O
had,O
blocked,O
for,O
years,O
.,O
But,O
there,O
are,O
doubts,O
about,O
whether,O
the,O
oil,O
companies,O
will,O
comply,O
",",O
especially,O
since,O
oil,O
officials,O
resisted,O
a,O
similar,O
government,O
order,O
for,O
higher,O
-,O
grade,O
fuel,O
four,O
years,O
ago,O
.,O
State,O
-,O
owned,O
power,O
companies,O
have,O
been,O
similarly,O
resistant,O
.,O
The,O
companies,O
regularly,O
ignore,O
government,O
orders,O
to,O
upgrade,O
coal,O
-,O
burning,O
electricity,O
plants,O
",",O
according,O
to,O
ministry,O
data,O
.,O
And,O
as,O
with,O
the,O
oil,O
companies,O
",",O
the,O
power,O
companies,O
exert,O
an,O
outsize,O
influence,O
over,O
environmental,O
policy,O
debates,O
.,O
In,O
2011,O
",",O
during,O
a,O
round,O
of,O
discussions,O
over,O
stricter,O
emissions,O
standards,O
",",O
the,O
China,O
Electricity,O
Council,O
",",O
which,O
represents,O
the,O
companies,O
",",O
pushed,O
back,O
hard,O
against,O
the,O
proposals,O
",",O
saying,O
that,O
the,O
costs,O
of,O
upgrading,O
the,O
plants,O
would,O
be,O
too,O
high,O
.,O
On,O
Feb,O
.,O
28,O
",",O
Deutsche,O
Bank,O
released,O
an,O
analysts,O
',O
note,O
saying,O
that,O
China,O
',O
s,O
current,O
economic,O
policies,O
would,O
result,O
in,O
an,O
enormous,O
surge,O
in,O
coal,O
consumption,O
and,O
automobile,O
sales,O
over,O
the,O
next,O
decade,O
.,O
"""",O
China,O
',O
s,O
air,O
pollution,O
will,O
become,O
a,O
lot,O
worse,O
from,O
the,O
already,O
unbearable,O
level,O
",""",O
the,O
analysts,O
said,O
",",O
calling,O
for,O
drastic,O
policy,O
changes,O
and,O
"""",O
a,O
strong,O
government,O
will,O
to,O
overcome,O
the,O
opposition,O
from,O
interest,O
groups,O
".""",O
The,O
report,O
estimated,O
that,O
the,O
number,O
of,O
passenger,O
cars,O
in,O
China,O
was,O
on,O
track,O
to,O
hit,O
400,O
million,O
by,O
2030,O
",",O
up,O
from,O
90,O
million,O
now,O
.,O
A,O
Cyprus,O
exit,O
from,O
the,O
euro,O
union,O
",",O
if,O
it,O
comes,O
to,O
that,O
",",O
would,O
have,O
a,O
devastating,O
effect,O
on,O
the,O
country,O
',O
s,O
citizens,O
",",O
who,O
are,O
among,O
the,O
most,O
indebted,O
in,O
the,O
euro,O
zone,O
.,O
And,O
for,O
European,O
unity,O
and,O
diplomacy,O
",",O
the,O
Cyprus,O
debacle,O
has,O
already,O
been,O
at,O
least,O
a,O
short,O
-,O
term,O
disaster,O
.,O
ut,O
for,O
the,O
broader,O
financial,O
system,O
in,O
Europe,O
",",O
the,O
losses,O
resulting,O
from,O
a,O
Cypriot,O
banking,O
collapse,O
and,O
the,O
country,O
',O
s,O
return,O
to,O
its,O
former,O
currency,O
would,O
be,O
minimal,O
compared,O
with,O
the,O
havoc,O
that,O
Greece,O
would,O
have,O
created,O
had,O
it,O
not,O
been,O
bailed,O
out,O
.,O
And,O
that,O
",",O
economists,O
and,O
investors,O
contend,O
",",O
is,O
why,O
Germany,O
and,O
its,O
Dutch,O
stalking,O
horse,O
",",O
Jeroen,O
Dijsselbloem,O
",",O
the,O
president,O
of,O
the,O
Eurogroup,O
of,O
finance,O
ministers,O
",",O
were,O
so,O
adamant,O
that,O
depositors,O
-,O
large,O
and,O
small,O
",",O
Cypriot,O
and,O
Russian,O
-,O
contribute,O
5,O
.,O
8,O
billion,O
euros,O
($,O
7,O
.,O
5,O
billion,O
),O
toward,O
the,O
10,O
billion,O
euro,O
bailout,O
of,O
Cyprus,O
',O
s,O
largest,O
banks,O
.,O
Greece,O
may,O
well,O
have,O
been,O
too,O
big,O
to,O
fail,O
last,O
year,O
",",O
but,O
Cyprus,O
",",O
which,O
creates,O
less,O
than,O
one,O
-,O
half,O
percent,O
of,O
the,O
euro,O
zone,O
',O
s,O
gross,O
domestic,O
product,O
",",O
is,O
certainly,O
not,O
.,O
From,O
a,O
financial,O
standpoint,O
",",O
what,O
is,O
most,O
noteworthy,O
is,O
that,O
the,O
combined,O
debt,O
of,O
the,O
Cypriot,O
people,O
",",O
companies,O
and,O
government,O
is,O
2,O
.,O
6,O
times,O
the,O
size,O
of,O
the,O
country,O
',O
s,O
gross,O
domestic,O
product,O
.,O
Only,O
Ireland,O
",",O
still,O
struggling,O
to,O
recover,O
from,O
the,O
banking,O
collapse,O
that,O
required,O
an,O
international,O
bailout,O
in,O
2010,O
",",O
has,O
a,O
higher,O
debt,O
-,O
to,O
-,O
G,O
.,O
D,O
.,O
P,O
.,O
ratio,O
among,O
euro,O
zone,O
countries,O
.,O
As,O
debts,O
in,O
Europe,O
mount,O
in,O
inverse,O
proportion,O
to,O
the,O
ability,O
of,O
its,O
citizens,O
",",O
companies,O
and,O
governments,O
to,O
make,O
good,O
on,O
them,O
",",O
the,O
view,O
is,O
forming,O
in,O
Berlin,O
and,O
Brussels,O
that,O
a,O
signal,O
must,O
be,O
sent,O
that,O
citizens,O
and,O
investors,O
must,O
start,O
accepting,O
losses,O
for,O
the,O
euro,O
zone,O
to,O
survive,O
in,O
the,O
long,O
run,O
.,O
"""",O
There,O
have,O
been,O
too,O
many,O
bailouts,O
in,O
Europe,O
;,O
it,O
',O
s,O
time,O
to,O
remove,O
the,O
air,O
bags,O
",""",O
said,O
Stephen,O
Jen,O
",",O
a,O
former,O
economist,O
at,O
the,O
International,O
Monetary,O
Fund,O
who,O
runs,O
a,O
hedge,O
fund,O
in,O
London,O
.,O
"""",O
This,O
is,O
not,O
a,O
Lehman,O
",""",O
he,O
said,O
",",O
referring,O
to,O
the,O
disastrous,O
chain,O
reaction,O
touched,O
off,O
by,O
the,O
collapse,O
of,O
Lehman,O
Brothers,O
in,O
2008,O
.,O
Eric,O
Dor,O
is,O
a,O
French,O
economist,O
who,O
has,O
studied,O
the,O
mechanics,O
of,O
how,O
a,O
country,O
might,O
remove,O
itself,O
from,O
the,O
monetary,O
union,O
.,O
By,O
his,O
calculations,O
",",O
the,O
euro,O
zone,O
-,O
through,O
its,O
central,O
banking,O
system,O
and,O
its,O
national,O
banks,O
-,O
has,O
just,O
27,O
billion,O
euros,O
in,O
outstanding,O
credit,O
exposure,O
to,O
Cyprus,O
.,O
That,O
is,O
a,O
mere,O
rounding,O
error,O
compared,O
with,O
the,O
euro,O
zone,O
G,O
.,O
D,O
.,O
P,O
.,O
of,O
9,O
.,O
4,O
trillion,O
euros,O
.,O
Estimates,O
of,O
the,O
potential,O
cost,O
if,O
Greece,O
had,O
been,O
forced,O
into,O
a,O
disorderly,O
euro,O
exit,O
have,O
ranged,O
from,O
200,O
billion,O
euros,O
to,O
800,O
billion,O
euros,O
",",O
given,O
the,O
larger,O
exposure,O
that,O
the,O
European,O
Central,O
Bank,O
and,O
European,O
banks,O
had,O
to,O
the,O
country,O
.,O
"""",O
This,O
explains,O
why,O
Germany,O
and,O
others,O
are,O
putting,O
so,O
much,O
pressure,O
on,O
Cyprus,O
",""",O
said,O
Mr,O
.,O
Dor,O
",",O
head,O
of,O
research,O
at,O
the,O
Ieseg,O
School,O
of,O
Management,O
in,O
Lille,O
",",O
France,O
.,O
"""",O
They,O
are,O
saying,O
we,O
can,O
take,O
the,O
risk,O
of,O
pushing,O
Cyprus,O
out,O
of,O
the,O
euro,O
zone,O
",",O
and,O
that,O
Europe,O
can,O
take,O
the,O
losses,O
without,O
going,O
broke,O
".""",O
Mr,O
.,O
Dor,O
notes,O
that,O
the,O
current,O
euro,O
zonewide,O
system,O
of,O
insuring,O
bank,O
deposits,O
up,O
to,O
100,O
",",O
000,O
euros,O
was,O
put,O
in,O
place,O
after,O
the,O
financial,O
panic,O
that,O
followed,O
the,O
Lehman,O
collapse,O
.,O
Those,O
deposits,O
are,O
supposed,O
to,O
be,O
insured,O
by,O
national,O
governments,O
.,O
So,O
when,O
the,O
president,O
of,O
Cyprus,O
admitted,O
this,O
week,O
that,O
his,O
country,O
did,O
not,O
have,O
the,O
money,O
to,O
backstop,O
the,O
30,O
billion,O
euros,O
of,O
guaranteed,O
bank,O
deposits,O
-,O
a,O
figure,O
greater,O
than,O
the,O
Cypriot,O
economy,O
itself,O
-,O
a,O
crucial,O
bond,O
of,O
trust,O
between,O
a,O
government,O
and,O
its,O
citizens,O
was,O
snapped,O
.,O
"""",O
It,O
is,O
the,O
first,O
time,O
ever,B-SET
that,O
the,O
leader,O
of,O
a,O
euro,O
zone,O
country,O
has,O
admitted,O
that,O
he,O
could,O
not,O
afford,O
to,O
pay,O
the,O
guarantee,O
",""",O
Mr,O
.,O
Dor,O
said,O
.,O
A,O
hasty,O
expulsion,O
from,O
the,O
euro,O
zone,O
would,O
make,O
the,O
savings,O
of,O
the,O
Cypriot,O
people,O
all,O
the,O
more,O
evanescent,O
",",O
once,O
they,O
are,O
converted,O
back,O
into,O
Cypriot,O
pounds,O
",",O
the,O
currency,O
Cyprus,O
used,O
before,O
adopting,O
the,O
euro,O
in,O
2007,O
.,O
Former,O
President,O
Nicolas,O
Sarkozy,O
was,O
informed,O
Thursday,O
that,O
he,O
would,O
face,O
a,O
formal,O
investigation,O
into,O
whether,O
he,O
abused,O
the,O
frailty,O
of,O
Liliane,O
Bettencourt,O
",",O
90,O
",",O
the,O
heiress,O
to,O
the,O
L,O
',O
Oreal,O
fortune,O
and,O
France,O
',O
s,O
richest,O
woman,O
",",O
to,O
get,O
funds,O
for,O
his,O
2007,O
presidential,O
campaign,O
.,O
Mr,O
.,O
Sarkozy,O
has,O
denied,O
accepting,O
illegal,O
campaign,O
funds,O
from,O
Ms,O
.,O
Bettencourt,O
",",O
either,O
personally,O
or,O
through,O
his,O
party,O
treasurer,O
at,O
the,O
time,O
",",O
Eric,O
Woerth,O
",",O
as,O
alleged,O
by,O
her,O
former,O
butler,O
.,O
Mr,O
.,O
Sarkozy,O
',O
s,O
lawyer,O
",",O
Thierry,O
Herzog,O
",",O
called,O
the,O
judge,O
',O
s,O
decision,O
",",O
which,O
indicates,O
that,O
the,O
judge,O
believes,O
that,O
Mr,O
.,O
Sarkozy,O
probably,O
committed,O
a,O
crime,O
",",O
"""",O
incoherent,O
"""",O
and,O
"""",O
unjust,O
".""",O
The,O
lawyer,O
said,O
he,O
would,O
appeal,O
.,O
The,O
ruling,O
does,O
not,O
necessarily,O
mean,O
that,O
Mr,O
.,O
Sarkozy,O
",",O
who,O
lost,O
his,O
re,O
-,O
election,O
bid,O
last,O
May,O
and,O
with,O
it,O
his,O
presidential,O
immunity,O
from,O
prosecution,O
",",O
will,O
stand,O
trial,O
.,O
An,O
hour,O
before,O
her,O
colleagues,O
gathered,O
for,O
their,O
first,O
vote,O
of,O
a,O
new,O
Congress,O
",",O
Senator,O
Kelly,O
Ayotte,O
slipped,O
into,O
an,O
empty,O
Senate,O
chamber,O
to,O
savor,O
the,O
grandeur,O
of,O
her,O
legislative,O
home,O
.,O
As,O
Ms,O
.,O
Ayotte,O
",",O
a,O
freshman,O
Republican,O
from,O
New,O
Hampshire,O
",",O
sat,O
down,O
at,O
the,O
wooden,O
desk,O
where,O
generations,O
of,O
lawmakers,O
from,O
her,O
state,O
had,O
cast,O
their,O
votes,O
",",O
a,O
doorman,O
marched,O
toward,O
her,O
with,O
purpose,O
.,O
The,O
desks,O
",",O
he,O
sternly,O
told,O
her,O
",",O
were,O
for,O
senators,O
only,O
.,O
Ms,O
.,O
Ayotte,O
',O
s,O
induction,O
that,O
January,O
day,O
in,O
2011,O
into,O
the,O
most,O
rarefied,O
ranks,O
of,O
the,O
nation,O
',O
s,O
political,O
class,O
",",O
female,O
senators,O
",",O
had,O
begun,O
.,O
"""",O
The,O
desk,O
thing,O
really,O
stuck,O
with,O
me,O
",""",O
Ms,O
.,O
Ayotte,O
said,O
.,O
"""",O
There,O
still,O
just,O
aren,O
',O
t,O
that,O
many,O
of,O
us,O
".""",O
In,O
the,O
90,O
years,O
since,O
Rebecca,O
Felton,O
of,O
Georgia,O
became,O
the,O
first,O
woman,O
in,O
the,O
United,O
States,O
Senate,O
-,O
sworn,O
in,O
for,O
a,O
mere,O
24,O
hours,O
-,O
women,O
remain,O
an,O
anomaly,O
in,O
the,O
upper,O
chamber,O
.,O
But,O
with,O
20,O
female,O
senators,O
now,O
in,O
office,O
",",O
an,O
all,O
-,O
time,O
high,O
",",O
women,O
have,O
morphed,O
from,O
the,O
curiosity,O
they,O
were,O
for,O
much,O
of,O
the,O
20th,O
century,O
into,O
an,O
important,O
new,O
force,O
on,O
key,O
committees,O
and,O
legislation,O
.,O
A,O
record,O
nine,O
women,O
now,O
lead,O
committees,O
",",O
including,O
some,O
of,O
the,O
most,O
powerful,O
ones,O
.,O
For,O
the,O
first,O
time,O
there,O
is,O
a,O
woman,O
-,O
Senator,O
Barbara,O
A,O
.,O
Mikulski,O
",",O
a,O
Maryland,O
Democrat,O
-,O
in,O
charge,O
of,O
the,O
Senate,O
Appropriations,O
Committee,O
",",O
which,O
dispenses,O
billions,O
of,O
dollars,O
annually,B-SET
throughout,O
the,O
government,O
and,O
has,O
long,O
been,O
particularly,O
dominated,O
by,O
men,O
.,O
Senator,O
Patty,O
Murray,O
",",O
a,O
Washington,O
Democrat,O
",",O
is,O
the,O
first,O
chairwoman,O
of,O
the,O
Budget,O
Committee,O
and,O
is,O
charged,O
with,O
shaping,O
the,O
Democratic,O
strategy,O
in,O
the,O
fiscal,O
battle,O
dominating,O
Capitol,O
Hill,O
.,O
One,O
of,O
the,O
biggest,O
bills,O
to,O
pass,O
the,O
Senate,O
last,O
year,O
was,O
farm,O
legislation,O
led,O
by,O
Senator,O
Debbie,O
Stabenow,O
",",O
a,O
Michigan,O
Democrat,O
who,O
presides,O
over,O
the,O
agriculture,O
committee,O
.,O
Senator,O
Barbara,O
Boxer,O
",",O
the,O
California,O
Democrat,O
who,O
is,O
chairwoman,O
of,O
the,O
Environment,O
and,O
Public,O
Works,O
Committee,O
",",O
shepherded,O
the,O
highway,O
bill,O
.,O
"""",O
We,O
are,O
growing,O
in,O
number,O
",""",O
said,O
Senator,O
Amy,O
Klobuchar,O
",",O
Democrat,O
of,O
Minnesota,O
.,O
"""",O
But,O
more,O
importantly,O
",",O
we,O
are,O
growing,O
in,O
our,O
power,O
.,O
When,O
I,O
first,O
started,O
just,O
six,O
years,O
ago,O
",",O
it,O
was,O
unusual,O
to,O
have,O
a,O
woman,O
managing,O
a,O
bill,O
".""",O
Just,O
as,O
important,O
",",O
even,O
male,O
senators,O
say,O
",",O
is,O
the,O
potential,O
the,O
women,O
hold,O
for,O
changing,O
the,O
tenor,O
of,O
the,O
Senate,O
and,O
pushing,O
for,O
compromise,O
in,O
the,O
highly,O
partisan,O
atmosphere,O
on,O
Capitol,O
Hill,O
.,O
"""",O
I,O
don,O
',O
t,O
want,O
to,O
generalize,O
",",O
because,O
this,O
isn,O
',O
t,O
true,O
of,O
all,O
of,O
them,O
",",O
but,O
they,O
tend,O
to,O
be,O
interested,O
in,O
finding,O
common,O
ground,O
",""",O
said,O
Senator,O
Rob,O
Portman,O
",",O
Republican,O
of,O
Ohio,O
.,O
"""",O
So,O
I,O
think,O
it,O
',O
s,O
going,O
to,O
have,O
",",O
and,O
is,O
having,O
",",O
a,O
positive,O
impact,O
on,O
the,O
Senate,O
".""",O
While,O
partisan,O
division,O
is,O
the,O
central,O
characteristic,O
of,O
the,O
modern,O
Congress,O
",",O
women,O
have,O
begun,O
to,O
crack,O
away,O
at,O
the,O
gridlock,O
by,O
forming,O
coalitions,O
that,O
have,O
surprised,O
leaders,O
of,O
both,O
parties,O
.,O
Senator,O
Kirsten,O
E,O
.,O
Gillibrand,O
",",O
Democrat,O
of,O
New,O
York,O
",",O
and,O
Senator,O
Susan,O
Collins,O
",",O
Republican,O
of,O
Maine,O
",",O
led,O
the,O
repeal,O
in,O
the,O
Senate,O
of,O
"""",O
don,O
',O
t,O
ask,O
",",O
don,O
',O
t,O
tell,O
"""",O
in,O
2010,O
",",O
allowing,O
gay,O
men,O
and,O
women,O
to,O
serve,O
openly,O
in,O
the,O
military,O
.,O
This,O
year,O
",",O
all,O
four,O
of,O
the,O
female,O
Senate,O
Republicans,O
split,O
with,O
their,O
party,O
and,O
voted,O
with,O
Senate,O
Democrats,O
to,O
reauthorize,O
the,O
Violence,O
Against,O
Women,O
Act,O
",",O
which,O
had,O
lapsed,O
during,O
the,O
last,O
Congress,O
.,O
Our,O
digital,O
age,O
is,O
all,O
about,O
bits,O
",",O
those,O
precise,O
ones,O
and,O
zeros,O
that,O
are,O
the,O
stuff,O
of,O
modern,O
computer,O
code,O
.,O
But,O
a,O
powerful,O
new,O
type,O
of,O
computer,O
that,O
is,O
about,O
to,O
be,O
commercially,O
deployed,O
by,O
a,O
major,O
American,O
military,O
contractor,O
is,O
taking,O
computing,O
into,O
the,O
strange,O
",",O
subatomic,O
realm,O
of,O
quantum,O
mechanics,O
.,O
In,O
that,O
infinitesimal,O
neighborhood,O
",",O
common,O
sense,O
logic,O
no,O
longer,O
seems,O
to,O
apply,O
.,O
A,O
one,O
can,O
be,O
a,O
one,O
",",O
or,O
it,O
can,O
be,O
a,O
one,O
and,O
a,O
zero,O
and,O
everything,O
in,O
between,O
all,O
at,O
the,O
same,O
time,O
.,O
It,O
sounds,O
preposterous,O
",",O
particularly,O
to,O
those,O
familiar,O
with,O
the,O
yes,O
/,O
no,O
world,O
of,O
conventional,O
computing,O
.,O
But,O
academic,O
researchers,O
and,O
scientists,O
at,O
companies,O
like,O
Microsoft,O
",",O
I,O
.,O
B,O
.,O
M,O
.,O
and,O
Hewlett,O
-,O
Packard,O
have,O
been,O
working,O
to,O
develop,O
quantum,O
computers,O
.,O
Now,O
",",O
Lockheed,O
Martin,O
which,O
bought,O
an,O
early,O
version,O
of,O
such,O
a,O
computer,O
from,O
the,O
Canadian,O
company,O
D,O
-,O
Wave,O
Systems,O
two,O
years,O
ago,O
is,O
confident,O
enough,O
in,O
the,O
technology,O
to,O
upgrade,O
it,O
to,O
commercial,O
scale,O
",",O
becoming,O
the,O
first,O
company,O
to,O
use,O
quantum,O
computing,O
as,O
part,O
of,O
its,O
business,O
.,O
Skeptics,O
say,O
that,O
D,O
-,O
Wave,O
has,O
yet,O
to,O
prove,O
to,O
outside,O
scientists,O
that,O
it,O
has,O
solved,O
the,O
myriad,O
challenges,O
involved,O
in,O
quantum,O
computation,O
.,O
But,O
if,O
it,O
performs,O
as,O
Lockheed,O
and,O
D,O
-,O
Wave,O
expect,O
",",O
the,O
design,O
could,O
be,O
used,O
to,O
supercharge,O
even,O
the,O
most,O
powerful,O
systems,O
",",O
solving,O
some,O
science,O
and,O
business,O
problems,O
millions,O
of,O
times,O
faster,O
than,O
can,O
be,O
done,O
today,O
.,O
Ray,O
Johnson,O
",",O
Lockheeds,O
chief,O
technical,O
officer,O
",",O
said,O
his,O
company,O
would,O
use,O
the,O
quantum,O
computer,O
to,O
create,O
and,O
test,O
complex,O
radar,O
",",O
space,O
and,O
aircraft,O
systems,O
.,O
It,O
could,O
be,O
possible,O
",",O
for,O
example,O
",",O
to,O
tell,O
instantly,O
how,O
the,O
millions,O
of,O
lines,O
of,O
software,O
running,O
a,O
network,O
of,O
satellites,O
would,O
react,O
to,O
a,O
solar,O
burst,O
or,O
a,O
pulse,O
from,O
a,O
nuclear,O
explosion,O
something,O
that,O
can,O
now,O
take,O
weeks,O
",",O
if,O
ever,B-SET
",",O
to,O
determine,O
.,O
